<?xml version="1.0" encoding="UTF-8"?>
<archetype-descriptor xsi:schemaLocation="https://maven.apache.org/plugins/maven-archetype-plugin/archetype-descriptor/1.1.0 http://maven.apache.org/xsd/archetype-descriptor-1.1.0.xsd" name="giantleap"
    xmlns="https://maven.apache.org/plugins/maven-archetype-plugin/archetype-descriptor/1.1.0"
    xmlns:xsi="http://www.w3.org/2001/XMLSchema-instance">
  <fileSets>
    <fileSet filtered="true" packaged="true" encoding="UTF-8">
      <directory>src/main/java</directory>
      <includes>
        <include>**/*.java</include>
      </includes>
    </fileSet>
    <fileSet filtered="true" encoding="UTF-8">
      <directory>src/main/resources</directory>
      <includes>
        <include>**/*.html</include>
        <include>**/*.properties</include>
      </includes>
    </fileSet>
    <fileSet encoding="UTF-8">
      <directory>src/main/resources</directory>
      <includes>
        <include>**/*.sql</include>
      </includes>
    </fileSet>
    <fileSet encoding="UTF-8">
      <directory>src/main/frontend</directory>
      <includes>
        <include>**/*.babelrc</include>
        <include>**/*.js</include>
        <include>**/*.lock</include>
        <include>**/*.json</include>
      </includes>
    </fileSet>
    <fileSet filtered="true" packaged="true" encoding="UTF-8">
      <directory>src/test/java</directory>
      <includes>
        <include>**/*.java</include>
      </includes>
    </fileSet>
    <fileSet filtered="true" encoding="UTF-8">
      <directory>.mvn/wrapper</directory>
      <includes>
        <include>**/*.java</include>
        <include>**/*.properties</include>
      </includes>
    </fileSet>
    <fileSet encoding="UTF-8">
      <directory>.mvn/wrapper</directory>
      <includes>
        <include>**/*.jar</include>
      </includes>
    </fileSet>
    <fileSet encoding="UTF-8">
      <directory></directory>
      <includes>
        <include>mvnw.cmd</include>
        <include>.gitignore</include>
        <include>mvnw</include>
      </includes>
    </fileSet>
  </fileSets>
</archetype-descriptor>
